{"init_params": {"cat_dims": [], "cat_emb_dim": 1, "cat_idxs": [], "clip_value": 2.0, "device_name": "auto", "epsilon": 1e-15, "gamma": 1.5778130253259612, "input_dim": 54, "lambda_sparse": 0.0001, "mask_type": "sparsemax", "momentum": 0.01, "n_a": 55, "n_d": 55, "n_indep_decoder": 1, "n_independent": 5, "n_shared": 5, "n_shared_decoder": 1, "n_steps": 9, "optimizer_params": {"lr": 0.02}, "output_dim": 7, "scheduler_params": {"gamma": 0.95, "step_size": 20}, "seed": 1013, "verbose": 1}, "class_attrs": {"preds_mapper": {"0": 0, "1": 1, "2": 2, "3": 3, "4": 4, "5": 5, "6": 6}}}